product_substance_id,product_id,substance_id,concentration_ppm,last_verified_date,data_source
PS-0001,PROD-001,SUB-0177,8,2024-01-31,Sphera Cloud
PS-0002,PROD-001,SUB-0002,816,2024-01-28,Lab Analysis
PS-0003,PROD-001,SUB-0009,139,2025-03-05,ChemGes
PS-0004,PROD-001,SUB-0181,1,2024-06-12,Palantir Foundry
PS-0005,PROD-001,SUB-0027,39,2024-08-08,Chemmate
PS-0006,PROD-001,SUB-0175,1592,2025-01-02,Chemmate
PS-0007,PROD-001,SUB-0025,117,2025-07-03,Sphera Cloud
PS-0008,PROD-001,SUB-0017,3201,2025-10-05,Lab Analysis
PS-0009,PROD-002,SUB-0179,59,2024-04-13,SDS Review
PS-0010,PROD-002,SUB-0178,93,2024-06-15,Chemmate
PS-0011,PROD-002,SUB-0003,473,2025-12-19,Palantir Foundry
PS-0012,PROD-002,SUB-0013,2201,2025-06-30,Palantir Foundry
PS-0013,PROD-002,SUB-0024,588,2024-10-03,Palantir Foundry
PS-0014,PROD-003,SUB-0027,416,2025-08-03,Palantir Foundry
PS-0015,PROD-003,SUB-0179,711,2025-02-09,Palantir Foundry
PS-0016,PROD-003,SUB-0011,1943,2024-09-09,Palantir Foundry
PS-0017,PROD-003,SUB-0181,109,2025-08-20,SDS Review
PS-0018,PROD-003,SUB-0003,341,2025-06-05,SDS Review
PS-0019,PROD-003,SUB-0177,28,2024-06-05,Palantir Foundry
PS-0020,PROD-003,SUB-0175,108,2025-09-02,Sphera Cloud
PS-0021,PROD-003,SUB-0025,119,2025-06-25,Chemmate
PS-0022,PROD-004,SUB-0175,4361,2024-06-10,SDS Review
PS-0023,PROD-004,SUB-0001,67,2025-05-27,ChemGes
PS-0024,PROD-004,SUB-0054,76,2025-10-16,Lab Analysis
PS-0025,PROD-005,SUB-0179,28,2025-01-06,Chemmate
PS-0026,PROD-005,SUB-0181,1445,2024-03-28,Palantir Foundry
PS-0027,PROD-005,SUB-0025,136,2024-05-08,ChemGes
PS-0028,PROD-005,SUB-0178,42,2024-09-28,Lab Analysis
PS-0029,PROD-005,SUB-0175,138,2025-12-07,ChemGes
PS-0030,PROD-005,SUB-0006,95,2025-03-24,Lab Analysis
PS-0031,PROD-005,SUB-0017,2640,2024-03-06,Chemmate
PS-0032,PROD-006,SUB-0026,1282,2024-08-22,Sphera Cloud
PS-0033,PROD-006,SUB-0179,18,2025-06-10,ChemGes
PS-0034,PROD-006,SUB-0175,54,2025-07-06,ChemGes
PS-0035,PROD-007,SUB-0025,105,2025-04-23,Palantir Foundry
PS-0036,PROD-007,SUB-0179,25,2024-03-03,SDS Review
PS-0037,PROD-007,SUB-0016,27,2024-09-11,ChemGes
PS-0038,PROD-007,SUB-0026,35,2025-03-08,ChemGes
PS-0039,PROD-007,SUB-0010,19,2025-03-29,Lab Analysis
PS-0040,PROD-007,SUB-0177,920,2024-04-05,ChemGes
PS-0041,PROD-007,SUB-0002,123,2024-08-06,SDS Review
PS-0042,PROD-007,SUB-0181,202,2025-02-03,Chemmate
PS-0043,PROD-008,SUB-0055,148,2025-07-09,Sphera Cloud
PS-0044,PROD-008,SUB-0060,4705,2025-05-29,Lab Analysis
PS-0045,PROD-008,SUB-0118,4960,2024-03-23,ChemGes
PS-0046,PROD-008,SUB-0001,60,2025-02-17,Sphera Cloud
PS-0047,PROD-008,SUB-0175,10,2025-09-26,Sphera Cloud
PS-0048,PROD-008,SUB-0052,144,2025-06-19,Chemmate
PS-0049,PROD-009,SUB-0179,76,2025-04-13,Chemmate
PS-0050,PROD-009,SUB-0008,1619,2024-03-16,Lab Analysis
PS-0051,PROD-009,SUB-0177,33,2024-12-23,Sphera Cloud
PS-0052,PROD-009,SUB-0181,40,2025-03-24,Lab Analysis
PS-0053,PROD-009,SUB-0028,135,2024-01-09,Palantir Foundry
PS-0054,PROD-010,SUB-0175,39,2024-10-05,Chemmate
PS-0055,PROD-010,SUB-0005,551,2024-07-27,Palantir Foundry
PS-0056,PROD-010,SUB-0053,129,2025-05-15,Chemmate
PS-0057,PROD-010,SUB-0058,4269,2024-10-10,Sphera Cloud
PS-0058,PROD-010,SUB-0118,33,2025-10-14,Chemmate
PS-0059,PROD-011,SUB-0054,2021,2025-07-12,Sphera Cloud
PS-0060,PROD-011,SUB-0010,37,2025-03-16,ChemGes
PS-0061,PROD-011,SUB-0014,10,2025-01-01,ChemGes
PS-0062,PROD-011,SUB-0006,305,2024-12-28,Lab Analysis
PS-0063,PROD-012,SUB-0019,540,2025-02-25,Palantir Foundry
PS-0064,PROD-012,SUB-0134,68,2024-06-12,Palantir Foundry
PS-0065,PROD-012,SUB-0086,9,2025-04-26,ChemGes
PS-0066,PROD-012,SUB-0051,117,2024-12-24,Chemmate
PS-0067,PROD-012,SUB-0015,875,2024-07-16,SDS Review
PS-0068,PROD-012,SUB-0056,271,2024-10-12,Chemmate
PS-0069,PROD-013,SUB-0023,67,2024-02-09,Sphera Cloud
PS-0070,PROD-013,SUB-0018,80,2025-03-22,Lab Analysis
PS-0071,PROD-013,SUB-0012,2357,2024-09-17,Sphera Cloud
PS-0072,PROD-013,SUB-0134,133,2025-07-05,Palantir Foundry
PS-0073,PROD-013,SUB-0083,17,2025-11-11,Chemmate
PS-0074,PROD-013,SUB-0005,31,2024-11-03,Lab Analysis
PS-0075,PROD-013,SUB-0130,83,2025-02-16,Palantir Foundry
PS-0076,PROD-013,SUB-0031,49,2025-03-06,Palantir Foundry
PS-0077,PROD-014,SUB-0132,53,2025-03-16,Lab Analysis
PS-0078,PROD-014,SUB-0012,119,2025-03-28,SDS Review
PS-0079,PROD-014,SUB-0020,43,2025-11-05,Sphera Cloud
PS-0080,PROD-014,SUB-0031,85,2024-04-05,ChemGes
PS-0081,PROD-014,SUB-0006,50,2024-05-30,Sphera Cloud
PS-0082,PROD-014,SUB-0014,686,2025-09-17,Sphera Cloud
PS-0083,PROD-015,SUB-0022,871,2025-12-05,Sphera Cloud
PS-0084,PROD-015,SUB-0014,56,2024-06-29,Palantir Foundry
PS-0085,PROD-015,SUB-0012,142,2024-09-12,Sphera Cloud
PS-0086,PROD-015,SUB-0130,4606,2025-11-14,Lab Analysis
PS-0087,PROD-015,SUB-0005,113,2025-09-19,Palantir Foundry
PS-0088,PROD-015,SUB-0032,140,2025-04-01,ChemGes
PS-0089,PROD-016,SUB-0013,650,2024-03-20,Palantir Foundry
PS-0090,PROD-016,SUB-0056,543,2024-11-23,Lab Analysis
PS-0091,PROD-016,SUB-0180,2694,2025-01-27,Palantir Foundry
PS-0092,PROD-016,SUB-0086,16,2025-02-28,SDS Review
PS-0093,PROD-016,SUB-0021,106,2024-03-04,ChemGes
PS-0094,PROD-016,SUB-0007,149,2025-12-13,Sphera Cloud
PS-0095,PROD-016,SUB-0053,1,2024-12-26,Chemmate
PS-0096,PROD-016,SUB-0017,107,2025-07-05,Palantir Foundry
PS-0097,PROD-017,SUB-0014,103,2024-06-18,SDS Review
PS-0098,PROD-017,SUB-0020,136,2024-01-28,SDS Review
PS-0099,PROD-017,SUB-0086,4311,2024-05-18,SDS Review
PS-0100,PROD-017,SUB-0009,3905,2024-12-01,ChemGes
PS-0101,PROD-017,SUB-0052,97,2024-10-11,SDS Review
PS-0102,PROD-017,SUB-0133,120,2024-01-20,Palantir Foundry
PS-0103,PROD-017,SUB-0054,89,2024-08-17,Palantir Foundry
PS-0104,PROD-017,SUB-0179,10,2024-02-01,ChemGes
PS-0105,PROD-018,SUB-0083,29,2025-07-31,ChemGes
PS-0106,PROD-018,SUB-0011,94,2024-06-20,Lab Analysis
PS-0107,PROD-018,SUB-0131,29,2024-06-16,Chemmate
PS-0108,PROD-018,SUB-0014,79,2025-08-12,Palantir Foundry
PS-0109,PROD-019,SUB-0007,30,2025-08-02,Sphera Cloud
PS-0110,PROD-019,SUB-0087,94,2024-03-11,Lab Analysis
PS-0111,PROD-019,SUB-0131,107,2025-05-16,Sphera Cloud
PS-0112,PROD-019,SUB-0052,117,2025-12-25,ChemGes
PS-0113,PROD-019,SUB-0022,734,2025-10-28,Chemmate
PS-0114,PROD-019,SUB-0179,68,2024-11-26,ChemGes
PS-0115,PROD-020,SUB-0180,97,2024-12-10,Sphera Cloud
PS-0116,PROD-020,SUB-0011,46,2025-05-14,ChemGes
PS-0117,PROD-020,SUB-0087,87,2024-10-13,Lab Analysis
PS-0118,PROD-021,SUB-0180,61,2025-12-08,SDS Review
PS-0119,PROD-021,SUB-0017,4,2024-04-05,Chemmate
PS-0120,PROD-021,SUB-0083,62,2024-11-09,Palantir Foundry
PS-0121,PROD-021,SUB-0053,141,2025-06-27,Chemmate
PS-0122,PROD-021,SUB-0087,140,2024-12-04,Chemmate
PS-0123,PROD-021,SUB-0022,457,2024-08-24,Sphera Cloud
PS-0124,PROD-021,SUB-0131,322,2025-07-02,Palantir Foundry
PS-0125,PROD-021,SUB-0009,956,2025-05-10,Chemmate
PS-0126,PROD-022,SUB-0020,77,2024-01-15,Palantir Foundry
PS-0127,PROD-022,SUB-0018,1172,2024-02-25,Lab Analysis
PS-0128,PROD-022,SUB-0056,32,2025-10-15,SDS Review
PS-0129,PROD-022,SUB-0180,146,2024-10-18,SDS Review
PS-0130,PROD-022,SUB-0130,47,2024-02-22,Chemmate
PS-0131,PROD-022,SUB-0007,16,2025-02-14,SDS Review
PS-0132,PROD-022,SUB-0008,13,2024-06-04,ChemGes
PS-0133,PROD-022,SUB-0134,21,2024-09-11,Sphera Cloud
PS-0134,PROD-023,SUB-0022,76,2025-08-25,SDS Review
PS-0135,PROD-023,SUB-0010,15,2025-09-16,Palantir Foundry
PS-0136,PROD-023,SUB-0029,53,2025-10-02,ChemGes
PS-0137,PROD-023,SUB-0016,40,2024-09-02,ChemGes
PS-0138,PROD-023,SUB-0131,821,2025-02-22,SDS Review
PS-0139,PROD-023,SUB-0134,74,2024-02-03,ChemGes
PS-0140,PROD-023,SUB-0003,116,2024-03-13,Palantir Foundry
PS-0141,PROD-024,SUB-0180,2641,2025-10-25,ChemGes
PS-0142,PROD-024,SUB-0052,18,2024-03-02,ChemGes
PS-0143,PROD-024,SUB-0021,145,2024-10-22,SDS Review
PS-0144,PROD-024,SUB-0086,77,2025-12-17,SDS Review
PS-0145,PROD-025,SUB-0018,4339,2024-11-26,Lab Analysis
PS-0146,PROD-025,SUB-0056,2675,2025-11-21,Lab Analysis
PS-0147,PROD-025,SUB-0012,68,2025-08-13,Sphera Cloud
PS-0148,PROD-025,SUB-0020,113,2024-10-11,ChemGes
PS-0149,PROD-025,SUB-0131,125,2024-04-03,SDS Review
PS-0150,PROD-026,SUB-0044,126,2024-10-22,Palantir Foundry
PS-0151,PROD-026,SUB-0042,140,2024-02-07,SDS Review
PS-0152,PROD-026,SUB-0026,82,2024-04-28,SDS Review
PS-0153,PROD-026,SUB-0038,0,2025-11-04,Lab Analysis
PS-0154,PROD-026,SUB-0061,48,2025-06-14,Chemmate
PS-0155,PROD-027,SUB-0031,124,2024-05-04,Sphera Cloud
PS-0156,PROD-027,SUB-0100,61,2025-12-27,ChemGes
PS-0157,PROD-027,SUB-0052,141,2025-02-21,Sphera Cloud
PS-0158,PROD-027,SUB-0055,29,2025-04-17,Sphera Cloud
PS-0159,PROD-027,SUB-0059,74,2025-06-05,Palantir Foundry
PS-0160,PROD-027,SUB-0121,123,2025-04-28,ChemGes
PS-0161,PROD-027,SUB-0109,98,2024-07-14,Lab Analysis
PS-0162,PROD-028,SUB-0058,505,2025-08-24,Lab Analysis
PS-0163,PROD-028,SUB-0057,114,2025-07-05,SDS Review
PS-0164,PROD-028,SUB-0121,139,2025-01-21,SDS Review
PS-0165,PROD-028,SUB-0109,61,2025-08-08,SDS Review
PS-0166,PROD-028,SUB-0118,105,2024-02-14,Chemmate
PS-0167,PROD-028,SUB-0100,97,2025-01-30,Palantir Foundry
PS-0168,PROD-028,SUB-0030,9,2024-05-09,Lab Analysis
PS-0169,PROD-029,SUB-0051,104,2025-11-01,ChemGes
PS-0170,PROD-029,SUB-0054,67,2024-12-12,Lab Analysis
PS-0171,PROD-029,SUB-0081,20,2024-12-02,Palantir Foundry
PS-0172,PROD-029,SUB-0100,81,2025-10-03,Palantir Foundry
PS-0173,PROD-029,SUB-0032,9,2025-09-24,Sphera Cloud
PS-0174,PROD-029,SUB-0059,73,2024-08-20,Palantir Foundry
PS-0175,PROD-029,SUB-0036,25,2025-10-10,Palantir Foundry
PS-0176,PROD-030,SUB-0031,11,2024-11-28,Sphera Cloud
PS-0177,PROD-030,SUB-0037,110,2024-05-29,ChemGes
PS-0178,PROD-030,SUB-0053,46,2024-06-23,ChemGes
PS-0179,PROD-031,SUB-0055,149,2024-05-26,ChemGes
PS-0180,PROD-031,SUB-0119,117,2024-09-18,Palantir Foundry
PS-0181,PROD-031,SUB-0051,119,2024-10-21,Palantir Foundry
PS-0182,PROD-032,SUB-0061,116,2024-11-05,ChemGes
PS-0183,PROD-032,SUB-0037,27,2024-08-30,SDS Review
PS-0184,PROD-032,SUB-0100,75,2025-12-17,Chemmate
PS-0185,PROD-032,SUB-0054,101,2024-10-08,Sphera Cloud
PS-0186,PROD-032,SUB-0118,127,2024-10-20,ChemGes
PS-0187,PROD-032,SUB-0041,394,2025-09-27,Chemmate
PS-0188,PROD-032,SUB-0045,35,2025-10-05,Sphera Cloud
PS-0189,PROD-033,SUB-0079,83,2025-03-01,ChemGes
PS-0190,PROD-033,SUB-0118,3797,2025-06-27,Lab Analysis
PS-0191,PROD-033,SUB-0044,65,2025-05-08,Chemmate
PS-0192,PROD-033,SUB-0100,29,2025-04-24,Sphera Cloud
PS-0193,PROD-033,SUB-0055,57,2025-11-23,Palantir Foundry
PS-0194,PROD-033,SUB-0061,142,2025-01-09,Sphera Cloud
PS-0195,PROD-033,SUB-0042,1812,2025-04-10,Chemmate
PS-0196,PROD-033,SUB-0053,67,2025-08-21,SDS Review
PS-0197,PROD-034,SUB-0174,118,2025-12-18,Chemmate
PS-0198,PROD-034,SUB-0057,1171,2024-02-08,Chemmate
PS-0199,PROD-034,SUB-0119,2723,2025-07-04,ChemGes
PS-0200,PROD-034,SUB-0032,138,2025-03-05,Lab Analysis
PS-0201,PROD-034,SUB-0053,106,2025-11-01,Sphera Cloud
PS-0202,PROD-034,SUB-0121,71,2024-02-03,Palantir Foundry
PS-0203,PROD-034,SUB-0060,655,2024-08-29,Chemmate
PS-0204,PROD-034,SUB-0108,94,2025-07-11,Palantir Foundry
PS-0205,PROD-035,SUB-0052,2537,2025-10-19,Palantir Foundry
PS-0206,PROD-035,SUB-0110,12,2024-12-07,ChemGes
PS-0207,PROD-035,SUB-0120,52,2024-03-11,Lab Analysis
PS-0208,PROD-035,SUB-0055,59,2024-12-02,ChemGes
PS-0209,PROD-035,SUB-0100,1985,2024-05-13,Lab Analysis
PS-0210,PROD-036,SUB-0060,60,2025-08-25,Chemmate
PS-0211,PROD-036,SUB-0036,253,2024-05-09,Palantir Foundry
PS-0212,PROD-036,SUB-0080,16,2025-05-02,SDS Review
PS-0213,PROD-036,SUB-0067,27,2025-04-07,Lab Analysis
PS-0214,PROD-036,SUB-0024,11,2025-11-05,Lab Analysis
PS-0215,PROD-037,SUB-0061,125,2025-12-30,SDS Review
PS-0216,PROD-037,SUB-0001,82,2025-09-14,ChemGes
PS-0217,PROD-037,SUB-0118,3463,2025-01-25,Lab Analysis
PS-0218,PROD-037,SUB-0053,717,2025-09-11,SDS Review
PS-0219,PROD-037,SUB-0054,29,2025-11-01,Palantir Foundry
PS-0220,PROD-038,SUB-0060,102,2025-03-01,Palantir Foundry
PS-0221,PROD-038,SUB-0175,80,2025-11-12,Chemmate
PS-0222,PROD-038,SUB-0052,121,2024-03-09,Sphera Cloud
PS-0223,PROD-038,SUB-0118,1591,2025-01-16,ChemGes
PS-0224,PROD-039,SUB-0007,13,2024-10-21,Lab Analysis
PS-0225,PROD-039,SUB-0010,147,2025-06-03,ChemGes
PS-0226,PROD-039,SUB-0024,57,2024-04-20,Chemmate
PS-0227,PROD-039,SUB-0028,71,2025-08-10,ChemGes
PS-0228,PROD-039,SUB-0179,142,2024-01-27,Lab Analysis
PS-0229,PROD-039,SUB-0181,3038,2025-12-20,Chemmate
PS-0230,PROD-039,SUB-0175,46,2024-05-26,Lab Analysis
PS-0231,PROD-040,SUB-0004,40,2025-01-13,Chemmate
PS-0232,PROD-040,SUB-0053,145,2025-09-02,Sphera Cloud
PS-0233,PROD-040,SUB-0175,972,2025-09-24,Sphera Cloud
PS-0234,PROD-040,SUB-0058,877,2025-03-10,SDS Review
PS-0235,PROD-040,SUB-0057,55,2025-06-08,Sphera Cloud
PS-0236,PROD-040,SUB-0119,72,2025-11-25,Palantir Foundry
PS-0237,PROD-041,SUB-0024,54,2024-05-20,Chemmate
PS-0238,PROD-041,SUB-0175,1,2025-05-24,Palantir Foundry
PS-0239,PROD-041,SUB-0004,589,2025-06-29,Palantir Foundry
PS-0240,PROD-041,SUB-0177,90,2024-03-14,SDS Review
PS-0241,PROD-041,SUB-0179,117,2024-03-20,Chemmate
PS-0242,PROD-041,SUB-0018,103,2025-12-27,Palantir Foundry
PS-0243,PROD-041,SUB-0027,614,2024-01-22,Chemmate
PS-0244,PROD-042,SUB-0024,803,2025-02-14,Lab Analysis
PS-0245,PROD-042,SUB-0008,79,2024-12-13,ChemGes
PS-0246,PROD-042,SUB-0003,19,2025-06-06,Palantir Foundry
PS-0247,PROD-042,SUB-0179,49,2024-12-23,Chemmate
PS-0248,PROD-043,SUB-0181,991,2025-10-05,SDS Review
PS-0249,PROD-043,SUB-0179,148,2025-04-04,Palantir Foundry
PS-0250,PROD-043,SUB-0005,82,2025-10-04,Chemmate
PS-0251,PROD-043,SUB-0177,120,2025-03-28,Palantir Foundry
PS-0252,PROD-043,SUB-0027,14,2024-12-26,Lab Analysis
PS-0253,PROD-043,SUB-0008,115,2024-02-08,Sphera Cloud
PS-0254,PROD-043,SUB-0016,19,2025-10-22,Sphera Cloud
PS-0255,PROD-043,SUB-0175,141,2024-02-12,SDS Review
PS-0256,PROD-044,SUB-0055,115,2024-04-15,Chemmate
PS-0257,PROD-044,SUB-0118,44,2024-02-10,ChemGes
PS-0258,PROD-044,SUB-0061,134,2025-06-19,Lab Analysis
PS-0259,PROD-044,SUB-0175,72,2025-01-31,SDS Review
PS-0260,PROD-045,SUB-0084,3966,2024-10-17,Chemmate
PS-0261,PROD-045,SUB-0023,85,2024-03-24,Lab Analysis
PS-0262,PROD-045,SUB-0015,79,2025-11-02,Palantir Foundry
PS-0263,PROD-045,SUB-0134,21,2024-11-13,Lab Analysis
PS-0264,PROD-045,SUB-0032,84,2024-05-10,Palantir Foundry
PS-0265,PROD-046,SUB-0129,87,2025-05-12,ChemGes
PS-0266,PROD-046,SUB-0015,39,2024-03-20,Chemmate
PS-0267,PROD-046,SUB-0019,138,2025-06-23,Sphera Cloud
PS-0268,PROD-046,SUB-0006,33,2025-09-03,SDS Review
PS-0269,PROD-046,SUB-0132,909,2025-10-01,ChemGes
PS-0270,PROD-046,SUB-0085,3784,2025-11-23,Palantir Foundry
PS-0271,PROD-046,SUB-0030,72,2025-04-04,ChemGes
PS-0272,PROD-046,SUB-0012,680,2024-07-17,Chemmate
PS-0273,PROD-047,SUB-0098,35,2024-09-13,Sphera Cloud
PS-0274,PROD-047,SUB-0032,141,2024-04-15,Palantir Foundry
PS-0275,PROD-047,SUB-0035,72,2024-03-26,ChemGes
PS-0276,PROD-047,SUB-0109,131,2024-05-30,SDS Review
PS-0277,PROD-047,SUB-0058,56,2025-04-06,Chemmate
PS-0278,PROD-047,SUB-0118,101,2025-05-29,Chemmate
PS-0279,PROD-047,SUB-0120,20,2025-01-18,ChemGes
PS-0280,PROD-047,SUB-0051,25,2025-10-27,Chemmate
PS-0281,PROD-048,SUB-0134,120,2025-04-04,Lab Analysis
PS-0282,PROD-048,SUB-0082,4,2024-09-19,ChemGes
PS-0283,PROD-048,SUB-0180,135,2025-03-09,Sphera Cloud
PS-0284,PROD-048,SUB-0010,324,2024-02-18,ChemGes
PS-0285,PROD-049,SUB-0052,4,2025-10-09,Lab Analysis
PS-0286,PROD-049,SUB-0023,347,2024-10-25,SDS Review
PS-0287,PROD-049,SUB-0008,61,2025-08-07,SDS Review
PS-0288,PROD-049,SUB-0129,21,2025-06-20,Chemmate
PS-0289,PROD-049,SUB-0014,139,2025-06-03,Lab Analysis
PS-0290,PROD-049,SUB-0005,4651,2024-02-14,Palantir Foundry
PS-0291,PROD-050,SUB-0016,872,2025-10-05,Sphera Cloud
PS-0292,PROD-050,SUB-0134,85,2024-05-16,Sphera Cloud
PS-0293,PROD-050,SUB-0031,44,2025-12-02,SDS Review
PS-0294,PROD-050,SUB-0085,34,2024-03-05,Palantir Foundry
PS-0295,PROD-050,SUB-0022,2451,2024-02-14,ChemGes
PS-0296,PROD-050,SUB-0008,79,2025-06-11,SDS Review
PS-0297,PROD-051,SUB-0051,84,2024-10-06,Sphera Cloud
PS-0298,PROD-051,SUB-0119,102,2025-03-26,SDS Review
PS-0299,PROD-051,SUB-0080,127,2025-12-09,SDS Review
PS-0300,PROD-051,SUB-0041,132,2024-09-30,Sphera Cloud
PS-0301,PROD-051,SUB-0038,110,2025-09-08,ChemGes
PS-0302,PROD-051,SUB-0060,20,2024-12-01,Palantir Foundry
PS-0303,PROD-051,SUB-0056,109,2024-06-19,Palantir Foundry
PS-0304,PROD-052,SUB-0039,4127,2025-01-07,Lab Analysis
PS-0305,PROD-052,SUB-0048,7,2024-05-26,Lab Analysis
PS-0306,PROD-052,SUB-0081,8,2024-05-09,Sphera Cloud
PS-0307,PROD-052,SUB-0066,93,2025-01-05,SDS Review
PS-0308,PROD-052,SUB-0045,2056,2025-11-26,SDS Review
PS-0309,PROD-052,SUB-0060,19,2025-08-10,ChemGes
PS-0310,PROD-053,SUB-0174,127,2025-06-14,SDS Review
PS-0311,PROD-053,SUB-0110,2932,2025-12-21,SDS Review
PS-0312,PROD-053,SUB-0098,73,2025-12-11,SDS Review
PS-0313,PROD-053,SUB-0030,1406,2025-04-07,ChemGes
PS-0314,PROD-053,SUB-0061,81,2025-11-14,Chemmate
PS-0315,PROD-053,SUB-0054,74,2024-11-03,ChemGes
PS-0316,PROD-053,SUB-0053,44,2025-01-05,Lab Analysis
PS-0317,PROD-054,SUB-0130,3822,2025-04-23,Lab Analysis
PS-0318,PROD-054,SUB-0086,22,2024-03-08,Chemmate
PS-0319,PROD-054,SUB-0133,122,2025-06-22,SDS Review
PS-0320,PROD-054,SUB-0052,18,2024-05-08,Chemmate
PS-0321,PROD-055,SUB-0130,14,2024-05-07,Lab Analysis
PS-0322,PROD-055,SUB-0002,41,2024-11-26,Palantir Foundry
PS-0323,PROD-055,SUB-0020,132,2024-10-17,Sphera Cloud
PS-0324,PROD-055,SUB-0010,764,2024-10-08,ChemGes
PS-0325,PROD-055,SUB-0134,136,2024-04-05,Lab Analysis
PS-0326,PROD-055,SUB-0083,148,2024-06-06,ChemGes
PS-0327,PROD-055,SUB-0018,86,2025-07-31,Sphera Cloud
PS-0328,PROD-055,SUB-0029,2968,2025-10-28,ChemGes
PS-0329,PROD-056,SUB-0044,103,2024-10-31,SDS Review
PS-0330,PROD-056,SUB-0079,40,2025-03-26,SDS Review
PS-0331,PROD-056,SUB-0099,87,2025-09-13,ChemGes
PS-0332,PROD-056,SUB-0041,81,2024-12-19,SDS Review
PS-0333,PROD-056,SUB-0118,131,2025-07-29,Sphera Cloud
PS-0334,PROD-056,SUB-0060,325,2024-09-30,SDS Review
PS-0335,PROD-056,SUB-0055,1214,2024-10-24,SDS Review
PS-0336,PROD-057,SUB-0015,131,2025-04-23,SDS Review
PS-0337,PROD-057,SUB-0179,23,2025-02-06,Lab Analysis
PS-0338,PROD-057,SUB-0027,55,2025-08-20,Chemmate
PS-0339,PROD-057,SUB-0177,4854,2025-09-03,Palantir Foundry
PS-0340,PROD-057,SUB-0181,208,2024-04-20,SDS Review
PS-0341,PROD-057,SUB-0175,93,2025-02-16,Chemmate
PS-0342,PROD-057,SUB-0001,145,2025-07-29,ChemGes
PS-0343,PROD-058,SUB-0012,838,2025-11-27,Lab Analysis
PS-0344,PROD-058,SUB-0082,1592,2025-02-07,Chemmate
PS-0345,PROD-058,SUB-0007,142,2025-01-09,ChemGes
PS-0346,PROD-058,SUB-0030,102,2025-05-27,Sphera Cloud
PS-0347,PROD-058,SUB-0014,3528,2025-04-30,Lab Analysis
PS-0348,PROD-059,SUB-0061,76,2025-08-30,Chemmate
PS-0349,PROD-059,SUB-0057,76,2025-05-01,Sphera Cloud
PS-0350,PROD-059,SUB-0052,28,2025-03-02,Lab Analysis
PS-0351,PROD-059,SUB-0119,6,2025-09-03,SDS Review
PS-0352,PROD-059,SUB-0044,148,2025-08-14,ChemGes
PS-0353,PROD-059,SUB-0038,4735,2024-06-23,Lab Analysis
PS-0354,PROD-060,SUB-0055,3369,2025-03-04,ChemGes
PS-0355,PROD-060,SUB-0022,105,2025-05-28,Lab Analysis
PS-0356,PROD-060,SUB-0004,15,2025-12-23,ChemGes
PS-0357,PROD-060,SUB-0134,532,2025-11-09,SDS Review
PS-0358,PROD-060,SUB-0087,44,2025-04-15,Lab Analysis
PS-0359,PROD-060,SUB-0084,67,2025-09-16,SDS Review
PS-0360,PROD-060,SUB-0180,71,2025-07-25,Chemmate
PS-0361,PROD-060,SUB-0051,76,2024-10-22,Palantir Foundry
