vin,dealer_id,fleet_id,model_name,vehicle_class,model_year,engine_type,transmission,warranty_type,warranty_start_date,warranty_end_date,current_mileage,lifecycle_stage,production_plant,build_date,production_batch
3AKKHLDR9W1000,DLR-014,FLT-0004,Freightliner M2 112,Class 7,2024,DD16,Eaton Fuller 18-speed,Chassis Coverage,2024-03-30,2027-03-30,8091,New,Portland,2024-01-28,POR-202401-19
3AKKGLDR4N1001,DLR-014,FLT-0035,Freightliner 114SD,Class 8,2024,Cummins X15,Allison 4000,Extended Engine EW2,2024-09-27,2029-09-26,361065,End-of-Warranty,Portland,2024-08-01,POR-202408-13
3AKKGLDR1U1002,DLR-015,FLT-0009,Freightliner 114SD,Class 8,2024,Cummins X15,Eaton Fuller 18-speed,Extended Engine EW3,2024-08-11,2026-08-11,141396,Mid-Life,Cleveland,2024-07-05,CLE-202407-15
3AKKHLDR4C1003,DLR-011,FLT-0022,Freightliner M2 112,Class 7,2024,DD13,Allison 4000,Base Warranty,2024-08-21,2027-08-21,122556,Mid-Life,Mount Holly,2024-08-01,MOU-202408-18
3AKJGLDR3E1004,DLR-001,FLT-0016,Freightliner 108SD,Class 8,2023,DD16,Eaton Fuller 18-speed,Extended Engine EW2,2023-11-16,2025-11-15,248811,End-of-Warranty,Portland,2023-08-22,POR-202308-04
3AKKGLDR9A1005,DLR-020,FLT-0008,Western Star 49X,Class 8,2024,DD13,Allison 4000,Extended Engine EW3,2024-07-22,2029-07-21,108981,Mid-Life,Portland,2024-05-19,POR-202405-13
3AKLGLDR5R1006,DLR-010,FLT-0039,Freightliner Cascadia,Class 8,2022,DD16,DT12,Chassis Coverage,2022-08-13,2027-08-12,344499,End-of-Warranty,Cleveland,2022-07-22,CLE-202207-12
3AKKHLDR2N1007,DLR-016,FLT-0007,Freightliner 114SD,Class 8,2024,Cummins X12,Eaton Fuller 18-speed,Detroit OE Advantage,2024-05-11,2029-05-10,428729,End-of-Warranty,Mount Holly,2024-03-24,MOU-202403-17
3AKJGLDR4O1008,DLR-019,FLT-0018,Freightliner M2 112,Class 7,2023,Cummins X15,Eaton Fuller 18-speed,Base Warranty,2023-07-20,2028-07-18,355323,End-of-Warranty,Santiago,2023-04-25,SAN-202304-15
3AKJHLDR4K1009,DLR-011,FLT-0012,Freightliner M2 112,Class 7,2024,DD15,DT12,Extended Engine EW3,2024-08-13,2026-08-13,275861,End-of-Warranty,Mount Holly,2024-05-20,MOU-202405-09
3AKLHLDR7O1010,DLR-014,FLT-0032,Western Star 47X,Class 8,2023,DD15,Eaton Fuller 18-speed,Extended Next,2023-02-14,2026-02-13,367695,End-of-Warranty,Portland,2023-01-03,POR-202301-10
3AKKHLDR5W1011,DLR-018,FLT-0034,Freightliner M2 112,Class 7,2024,DD15,Eaton Fuller 18-speed,Extended Engine EW1,2024-09-24,2026-09-24,68258,Mid-Life,Santiago,2024-08-09,SAN-202408-10
3AKJHLDR4X1012,DLR-018,FLT-0012,Western Star 47X,Class 8,2023,DD15,Eaton Fuller 18-speed,Extended Engine EW3,2024-01-23,2027-01-22,57704,Mid-Life,Portland,2023-10-25,POR-202310-17
3AKLGLDR4B1013,DLR-006,FLT-0020,Freightliner M2 106,Class 6,2023,Cummins X15,DT12,Base Warranty,2023-02-17,2028-02-16,399679,End-of-Warranty,Cleveland,2023-01-18,CLE-202301-10
3AKKHLDR2B1014,DLR-010,FLT-0031,Western Star 49X,Class 8,2024,Cummins X15,DT12,Base Warranty,2024-06-25,2026-06-25,215086,End-of-Warranty,Mount Holly,2024-05-28,MOU-202405-16
3AKJGLDR1R1015,DLR-005,FLT-0037,Freightliner Cascadia,Class 8,2023,Cummins X15,Eaton Fuller 18-speed,Extended Engine EW4,2023-08-31,2028-08-29,204427,End-of-Warranty,Santiago,2023-07-20,SAN-202307-20
3AKLGLDR9X1016,DLR-019,FLT-0028,Freightliner 114SD,Class 8,2024,DD13,DT12,Extended Engine EW3,2024-04-06,2027-04-06,351254,End-of-Warranty,Santiago,2024-02-25,SAN-202402-07
3AKJHLDR7W1017,DLR-018,FLT-0005,Freightliner Cascadia,Class 8,2023,DD16,Allison 4000,Detroit OE Advantage,2023-11-03,2025-11-02,156049,Mid-Life,Portland,2023-10-16,POR-202310-10
3AKKGLDR8H1018,DLR-008,FLT-0017,Freightliner Cascadia,Class 8,2022,DD16,Allison 4000,Extended Engine EW4,2022-04-01,2024-03-31,91991,Mid-Life,Portland,2022-03-09,POR-202203-05
3AKLHLDR4Q1019,DLR-004,FLT-0030,Freightliner M2 112,Class 7,2024,Cummins X15,Allison 4000,Extended Next,2024-10-10,2029-10-09,25898,New,Santiago,2024-09-16,SAN-202409-15
3AKJGLDR4S1020,DLR-009,FLT-0002,Western Star 49X,Class 8,2024,Cummins X15,Eaton Fuller 18-speed,Extended Engine EW2,2024-04-08,2029-04-07,346578,End-of-Warranty,Cleveland,2024-01-25,CLE-202401-06
3AKKHLDR6K1021,DLR-014,FLT-0032,Western Star 49X,Class 8,2024,Cummins X15,Eaton Fuller 18-speed,Chassis Coverage,2024-07-26,2027-07-26,220820,End-of-Warranty,Cleveland,2024-06-22,CLE-202406-04
3AKJHLDR4K1022,DLR-018,FLT-0003,Freightliner 114SD,Class 8,2024,Cummins X12,Eaton Fuller 18-speed,Chassis Coverage,2024-05-14,2026-05-14,349803,End-of-Warranty,Mount Holly,2024-02-25,MOU-202402-13
3AKLHLDR7Y1023,DLR-007,FLT-0034,Freightliner Cascadia,Class 8,2021,Cummins X15,Allison 4000,Detroit OE Advantage,2021-04-01,2023-04-01,156010,Mid-Life,Santiago,2021-01-07,SAN-202101-09
3AKLGLDR4R1024,DLR-001,FLT-0039,Freightliner Cascadia,Class 8,2022,DD13,Eaton Fuller 18-speed,Extended Engine EW1,2022-02-12,2024-02-12,446138,End-of-Warranty,Portland,2022-01-18,POR-202201-14
3AKLHLDR6P1025,DLR-005,FLT-0032,Western Star 47X,Class 8,2022,DD15,Allison 4000,Extended OPTIMUM,2022-10-31,2024-10-30,206109,End-of-Warranty,Santiago,2022-08-08,SAN-202208-15
3AKKHLDR8I1026,DLR-005,FLT-0005,Western Star 47X,Class 8,2023,Cummins X15,DT12,Detroit OE Advantage,2023-04-09,2028-04-07,350999,End-of-Warranty,Santiago,2023-01-10,SAN-202301-10
3AKLHLDR7K1027,DLR-016,FLT-0023,Western Star 49X,Class 8,2023,Cummins X15,DT12,Extended Next,2023-07-19,2026-07-18,127453,Mid-Life,Santiago,2023-04-23,SAN-202304-08
3AKLGLDR7B1028,DLR-016,FLT-0025,Western Star 47X,Class 8,2023,Cummins X15,DT12,Extended OPTIMUM,2023-05-12,2025-05-11,448044,End-of-Warranty,Mount Holly,2023-03-17,MOU-202303-19
3AKLGLDR1P1029,DLR-001,FLT-0010,Freightliner M2 112,Class 7,2024,DD16,Allison 4000,Extended OPTIMUM,2024-07-14,2029-07-13,47108,New,Mount Holly,2024-05-11,MOU-202405-20
3AKLGLDR3U1030,DLR-011,FLT-0032,Freightliner M2 112,Class 7,2023,DD13,Eaton Fuller 18-speed,Extended Engine EW2,2023-07-16,2025-07-15,403652,End-of-Warranty,Cleveland,2023-05-08,CLE-202305-03
3AKKGLDR4L1031,DLR-010,FLT-0002,Western Star 47X,Class 8,2023,Cummins X12,Allison 4000,Extended Engine EW2,2023-07-29,2028-07-27,221033,End-of-Warranty,Cleveland,2023-06-14,CLE-202306-05
3AKLGLDR7S1032,DLR-006,FLT-0006,Freightliner Cascadia,Class 8,2023,DD13,Eaton Fuller 18-speed,Extended Engine EW4,2023-04-23,2026-04-22,138864,Mid-Life,Mount Holly,2023-03-08,MOU-202303-15
3AKKHLDR9J1033,DLR-018,FLT-0011,Western Star 47X,Class 8,2022,Cummins X15,Eaton Fuller 18-speed,Extended Engine EW1,2022-10-03,2025-10-02,109447,Mid-Life,Cleveland,2022-07-23,CLE-202207-09
3AKLHLDR4A1034,DLR-013,FLT-0037,Freightliner Cascadia,Class 8,2024,DD13,Allison 4000,Detroit OE Advantage,2024-10-03,2029-10-02,413059,End-of-Warranty,Santiago,2024-07-09,SAN-202407-01
3AKJGLDR9I1035,DLR-010,FLT-0015,Freightliner 114SD,Class 8,2024,Cummins X15,DT12,Extended Next,2024-04-09,2027-04-09,418459,End-of-Warranty,Santiago,2024-03-21,SAN-202403-04
3AKKHLDR2G1036,DLR-005,FLT-0006,Western Star 47X,Class 8,2023,DD16,DT12,Extended Engine EW4,2023-05-25,2028-05-23,268084,End-of-Warranty,Santiago,2023-03-26,SAN-202303-18
3AKJHLDR1E1037,DLR-016,FLT-0019,Freightliner 114SD,Class 8,2024,Cummins X15,DT12,Extended Engine EW4,2024-07-22,2027-07-22,52344,Mid-Life,Santiago,2024-04-28,SAN-202404-13
3AKLHLDR9M1038,DLR-004,FLT-0030,Western Star 49X,Class 8,2023,Cummins X12,Eaton Fuller 18-speed,Extended Engine EW3,2023-08-17,2025-08-16,329820,End-of-Warranty,Santiago,2023-06-04,SAN-202306-08
3AKLHLDR1E1039,DLR-003,FLT-0030,Western Star 47X,Class 8,2022,DD15,Allison 4000,Extended Engine EW2,2022-03-20,2024-03-19,55956,Mid-Life,Santiago,2022-01-02,SAN-202201-10
3AKLGLDR6U1040,DLR-015,FLT-0024,Freightliner M2 112,Class 7,2023,DD16,DT12,Detroit OE Advantage,2023-05-04,2026-05-03,22152,New,Mount Holly,2023-02-27,MOU-202302-16
3AKLHLDR8U1041,DLR-008,FLT-0024,Freightliner M2 112,Class 7,2024,Cummins X15,DT12,Extended Engine EW3,2024-07-21,2026-07-21,69046,Mid-Life,Cleveland,2024-06-02,CLE-202406-13
3AKKGLDR2Z1042,DLR-020,FLT-0002,Western Star 47X,Class 8,2022,DD15,DT12,Extended Next,2022-12-30,2024-12-29,312433,End-of-Warranty,Cleveland,2022-10-07,CLE-202210-03
3AKKGLDR2R1043,DLR-005,FLT-0039,Freightliner 108SD,Class 8,2023,DD15,DT12,Extended Next,2023-06-23,2028-06-21,18516,New,Cleveland,2023-05-26,CLE-202305-06
3AKJGLDR4B1044,DLR-008,FLT-0038,Freightliner 108SD,Class 8,2023,DD13,Eaton Fuller 18-speed,Detroit OE Advantage,2023-06-13,2025-06-12,395943,End-of-Warranty,Santiago,2023-03-24,SAN-202303-14
3AKKGLDR9B1045,DLR-012,FLT-0033,Freightliner 108SD,Class 8,2023,Cummins X15,Eaton Fuller 18-speed,Extended Engine EW1,2023-09-27,2025-09-26,256124,End-of-Warranty,Cleveland,2023-09-10,CLE-202309-15
3AKKGLDR1E1046,DLR-015,FLT-0005,Freightliner M2 112,Class 7,2024,Cummins X15,Allison 4000,Extended OPTIMUM,2024-08-12,2029-08-11,175490,Mid-Life,Cleveland,2024-05-20,CLE-202405-19
3AKJGLDR8X1047,DLR-015,FLT-0033,Freightliner M2 106,Class 6,2022,Cummins X15,Eaton Fuller 18-speed,Chassis Coverage,2022-05-27,2025-05-26,182697,Mid-Life,Mount Holly,2022-04-14,MOU-202204-15
3AKKHLDR5E1048,DLR-004,FLT-0021,Western Star 47X,Class 8,2023,DD13,Allison 4000,Extended Next,2023-08-27,2025-08-26,231427,End-of-Warranty,Mount Holly,2023-08-03,MOU-202308-03
3AKLHLDR1N1049,DLR-005,FLT-0036,Freightliner 108SD,Class 8,2023,DD16,Eaton Fuller 18-speed,Extended Engine EW1,2023-07-18,2026-07-17,319787,End-of-Warranty,Cleveland,2023-06-28,CLE-202306-14
3AKLHLDR3D1050,DLR-017,FLT-0014,Western Star 49X,Class 8,2024,DD16,Allison 4000,Extended Engine EW3,2024-08-28,2026-08-28,404824,End-of-Warranty,Portland,2024-06-28,POR-202406-18
3AKLHLDR0F1051,DLR-014,FLT-0036,Freightliner 108SD,Class 8,2023,DD15,DT12,Chassis Coverage,2023-07-19,2026-07-18,8201,New,Cleveland,2023-05-23,CLE-202305-10
3AKLGLDR6N1052,DLR-005,FLT-0002,Freightliner Cascadia,Class 8,2022,DD16,Allison 4000,Extended Engine EW1,2022-10-11,2025-10-10,383324,End-of-Warranty,Cleveland,2022-08-11,CLE-202208-06
3AKLGLDR4O1053,DLR-005,FLT-0011,Freightliner Cascadia,Class 8,2021,DD15,Allison 4000,Extended Engine EW1,2021-09-24,2024-09-23,148218,Mid-Life,Cleveland,2021-07-16,CLE-202107-20
3AKLHLDR8V1054,DLR-014,FLT-0008,Freightliner M2 106,Class 6,2023,DD13,DT12,Extended Engine EW4,2023-07-05,2028-07-03,33721,New,Santiago,2023-05-02,SAN-202305-08
3AKKGLDR0P1055,DLR-005,FLT-0017,Freightliner Cascadia,Class 8,2024,DD15,Allison 4000,Extended OPTIMUM,2024-09-06,2029-09-05,373926,End-of-Warranty,Santiago,2024-07-06,SAN-202407-05
3AKLGLDR6A1056,DLR-012,FLT-0005,Freightliner 114SD,Class 8,2024,Cummins X15,Allison 4000,Chassis Coverage,2024-10-29,2027-10-29,305626,End-of-Warranty,Mount Holly,2024-08-03,MOU-202408-11
3AKKGLDR9O1057,DLR-004,FLT-0026,Freightliner M2 106,Class 6,2022,Cummins X12,Eaton Fuller 18-speed,Extended OPTIMUM,2022-06-30,2024-06-29,233419,End-of-Warranty,Cleveland,2022-06-03,CLE-202206-14
3AKJHLDR2C1058,DLR-013,FLT-0020,Freightliner Cascadia,Class 8,2022,DD16,Eaton Fuller 18-speed,Extended Engine EW2,2022-12-11,2027-12-10,106661,Mid-Life,Santiago,2022-09-21,SAN-202209-04
3AKJGLDR9E1059,DLR-004,FLT-0010,Freightliner Cascadia,Class 8,2024,Cummins X12,Eaton Fuller 18-speed,Extended Next,2024-04-19,2029-04-18,403394,End-of-Warranty,Santiago,2024-02-06,SAN-202402-16
3AKJHLDR7U1060,DLR-011,FLT-0010,Freightliner 114SD,Class 8,2024,Cummins X12,DT12,Extended Engine EW4,2024-08-23,2026-08-23,189519,Mid-Life,Mount Holly,2024-05-26,MOU-202405-09
3AKKHLDR1U1061,DLR-015,FLT-0003,Freightliner M2 112,Class 7,2024,Cummins X12,Allison 4000,Base Warranty,2024-05-08,2027-05-08,247594,End-of-Warranty,Cleveland,2024-02-20,CLE-202402-20
3AKLHLDR8E1062,DLR-019,FLT-0013,Freightliner M2 112,Class 7,2024,Cummins X12,Allison 4000,Extended Engine EW2,2024-03-12,2029-03-11,49212,New,Santiago,2024-01-15,SAN-202401-04
3AKLGLDR5L1063,DLR-008,FLT-0029,Freightliner Cascadia,Class 8,2021,DD13,Allison 4000,Extended Next,2021-07-09,2026-07-08,318464,End-of-Warranty,Mount Holly,2021-05-13,MOU-202105-14
3AKKHLDR9E1064,DLR-011,FLT-0007,Freightliner Cascadia,Class 8,2022,Cummins X15,DT12,Extended Engine EW1,2022-07-05,2025-07-04,167650,Mid-Life,Mount Holly,2022-06-03,MOU-202206-19
3AKJGLDR6Q1065,DLR-018,FLT-0025,Freightliner M2 106,Class 6,2022,DD16,Eaton Fuller 18-speed,Extended Engine EW3,2022-07-24,2024-07-23,117298,Mid-Life,Santiago,2022-06-01,SAN-202206-12
3AKKGLDR8Y1066,DLR-005,FLT-0010,Freightliner Cascadia,Class 8,2024,Cummins X12,DT12,Chassis Coverage,2024-10-15,2029-10-14,181561,Mid-Life,Cleveland,2024-09-27,CLE-202409-17
3AKLHLDR0N1067,DLR-006,FLT-0012,Freightliner Cascadia,Class 8,2023,Cummins X15,DT12,Extended OPTIMUM,2023-08-31,2028-08-29,154384,Mid-Life,Portland,2023-06-22,POR-202306-08
3AKKHLDR7Y1068,DLR-010,FLT-0031,Freightliner Cascadia,Class 8,2024,DD15,DT12,Extended Engine EW2,2024-08-11,2029-08-10,224498,End-of-Warranty,Portland,2024-05-25,POR-202405-13
3AKKGLDR8D1069,DLR-009,FLT-0004,Freightliner 114SD,Class 8,2024,DD15,Eaton Fuller 18-speed,Extended Engine EW1,2024-06-20,2027-06-20,274144,End-of-Warranty,Mount Holly,2024-05-03,MOU-202405-06
3AKKGLDR6Q1070,DLR-015,FLT-0023,Freightliner Cascadia,Class 8,2024,DD13,Eaton Fuller 18-speed,Extended Engine EW1,2024-07-02,2027-07-02,122722,Mid-Life,Cleveland,2024-06-08,CLE-202406-13
3AKJHLDR7W1071,DLR-011,FLT-0010,Freightliner 114SD,Class 8,2024,DD13,DT12,Extended Engine EW4,2024-06-04,2029-06-03,7753,New,Portland,2024-03-25,POR-202403-16
3AKJHLDR3J1072,DLR-005,FLT-0036,Freightliner Cascadia,Class 8,2024,Cummins X12,Eaton Fuller 18-speed,Extended Engine EW1,2024-04-09,2029-04-08,421231,End-of-Warranty,Mount Holly,2024-02-02,MOU-202402-08
3AKLGLDR2J1073,DLR-016,FLT-0039,Freightliner Cascadia,Class 8,2022,Cummins X15,DT12,Extended Engine EW1,2022-08-29,2024-08-28,304192,End-of-Warranty,Cleveland,2022-07-01,CLE-202207-20
3AKKHLDR0U1074,DLR-012,FLT-0005,Western Star 49X,Class 8,2023,DD13,Eaton Fuller 18-speed,Extended Engine EW3,2023-07-28,2026-07-27,418411,End-of-Warranty,Cleveland,2023-07-12,CLE-202307-09
3AKJGLDR5R1075,DLR-004,FLT-0038,Western Star 47X,Class 8,2023,DD15,DT12,Extended Engine EW1,2023-09-08,2028-09-06,255888,End-of-Warranty,Santiago,2023-06-27,SAN-202306-06
3AKJGLDR3B1076,DLR-015,FLT-0003,Western Star 47X,Class 8,2023,DD16,DT12,Extended Engine EW3,2023-08-13,2028-08-11,253197,End-of-Warranty,Santiago,2023-06-10,SAN-202306-17
3AKKGLDR5N1077,DLR-012,FLT-0004,Freightliner M2 106,Class 6,2022,Cummins X15,Allison 4000,Detroit OE Advantage,2022-09-25,2025-09-24,102946,Mid-Life,Santiago,2022-07-24,SAN-202207-15
3AKLHLDR1N1078,DLR-017,FLT-0018,Freightliner M2 106,Class 6,2023,DD13,DT12,Extended Next,2024-01-18,2027-01-17,173407,Mid-Life,Cleveland,2023-10-27,CLE-202310-06
3AKLHLDR2W1079,DLR-010,FLT-0020,Western Star 47X,Class 8,2022,Cummins X12,Eaton Fuller 18-speed,Extended Engine EW4,2022-08-31,2027-08-30,189842,Mid-Life,Mount Holly,2022-08-12,MOU-202208-15
3AKKGLDR0E1080,DLR-002,FLT-0005,Western Star 47X,Class 8,2022,DD15,Allison 4000,Extended Next,2022-11-09,2024-11-08,40249,New,Mount Holly,2022-10-22,MOU-202210-15
3AKLGLDR7L1081,DLR-013,FLT-0037,Freightliner M2 106,Class 6,2023,DD16,Eaton Fuller 18-speed,Extended Next,2023-09-10,2025-09-09,282589,End-of-Warranty,Cleveland,2023-06-15,CLE-202306-03
3AKJGLDR7Q1082,DLR-009,FLT-0016,Western Star 47X,Class 8,2022,Cummins X15,DT12,Extended Engine EW4,2022-09-03,2025-09-02,374118,End-of-Warranty,Cleveland,2022-07-18,CLE-202207-04
3AKJGLDR7F1083,DLR-016,FLT-0013,Western Star 47X,Class 8,2023,Cummins X12,Allison 4000,Extended Engine EW4,2023-09-30,2028-09-28,39046,New,Cleveland,2023-08-03,CLE-202308-11
3AKLGLDR1G1084,DLR-006,FLT-0012,Freightliner M2 106,Class 6,2022,Cummins X12,Eaton Fuller 18-speed,Detroit OE Advantage,2022-03-25,2025-03-24,295466,End-of-Warranty,Santiago,2022-03-08,SAN-202203-16
3AKJHLDR6W1085,DLR-018,FLT-0009,Freightliner 108SD,Class 8,2023,DD15,Eaton Fuller 18-speed,Extended Engine EW1,2023-10-22,2028-10-20,43666,New,Cleveland,2023-08-17,CLE-202308-14
3AKJGLDR2N1086,DLR-015,FLT-0034,Freightliner M2 112,Class 7,2024,DD16,DT12,Extended Engine EW2,2024-10-27,2029-10-26,85224,Mid-Life,Santiago,2024-09-28,SAN-202409-02
3AKJHLDR3U1087,DLR-008,FLT-0023,Freightliner M2 106,Class 6,2023,DD13,Allison 4000,Extended Engine EW2,2023-10-31,2028-10-29,284696,End-of-Warranty,Santiago,2023-09-09,SAN-202309-05
3AKLHLDR9B1088,DLR-019,FLT-0010,Western Star 49X,Class 8,2024,DD15,Allison 4000,Chassis Coverage,2024-03-30,2027-03-30,346379,End-of-Warranty,Portland,2024-01-03,POR-202401-02
3AKLHLDR7H1089,DLR-001,FLT-0032,Western Star 49X,Class 8,2024,DD15,Eaton Fuller 18-speed,Chassis Coverage,2024-08-02,2029-08-01,36411,New,Santiago,2024-07-10,SAN-202407-15
3AKLGLDR5W1090,DLR-015,FLT-0014,Freightliner M2 112,Class 7,2024,DD16,Allison 4000,Extended OPTIMUM,2024-08-28,2026-08-28,403807,End-of-Warranty,Santiago,2024-06-24,SAN-202406-12
3AKJHLDR7H1091,DLR-011,FLT-0016,Freightliner Cascadia,Class 8,2022,Cummins X15,DT12,Extended Engine EW2,2022-04-24,2025-04-23,327635,End-of-Warranty,Mount Holly,2022-03-04,MOU-202203-02
3AKJGLDR7Q1092,DLR-011,FLT-0037,Freightliner 114SD,Class 8,2024,Cummins X15,Allison 4000,Detroit OE Advantage,2024-11-01,2026-11-01,52211,Mid-Life,Santiago,2024-08-16,SAN-202408-10
3AKJGLDR4P1093,DLR-007,FLT-0038,Freightliner Cascadia,Class 8,2024,DD13,Eaton Fuller 18-speed,Extended Engine EW2,2024-12-16,2029-12-15,9287,New,Santiago,2024-10-27,SAN-202410-16
3AKJHLDR0S1094,DLR-012,FLT-0026,Freightliner M2 106,Class 6,2022,Cummins X15,Allison 4000,Detroit OE Advantage,2022-11-30,2025-11-29,43551,New,Santiago,2022-09-07,SAN-202209-12
3AKJGLDR6L1095,DLR-018,FLT-0018,Freightliner 108SD,Class 8,2023,Cummins X12,Eaton Fuller 18-speed,Extended OPTIMUM,2023-07-20,2025-07-19,320864,End-of-Warranty,Cleveland,2023-06-18,CLE-202306-12
3AKLHLDR7Q1096,DLR-002,FLT-0003,Freightliner Cascadia,Class 8,2021,Cummins X12,Eaton Fuller 18-speed,Extended Engine EW2,2021-10-23,2023-10-23,176948,Mid-Life,Portland,2021-08-05,POR-202108-20
3AKLHLDR9J1097,DLR-020,FLT-0020,Freightliner M2 112,Class 7,2023,DD13,Eaton Fuller 18-speed,Extended Engine EW4,2023-10-27,2026-10-26,358268,End-of-Warranty,Santiago,2023-08-27,SAN-202308-01
3AKKGLDR0S1098,DLR-001,FLT-0039,Freightliner 108SD,Class 8,2023,DD15,DT12,Extended Engine EW1,2023-10-07,2025-10-06,435787,End-of-Warranty,Mount Holly,2023-08-06,MOU-202308-17
3AKKGLDR6W1099,DLR-001,FLT-0029,Freightliner Cascadia,Class 8,2024,DD13,Allison 4000,Extended Engine EW2,2024-06-27,2029-06-26,386368,End-of-Warranty,Santiago,2024-04-14,SAN-202404-17
3AKLHLDR8M1100,DLR-007,FLT-0036,Western Star 49X,Class 8,2023,DD16,Allison 4000,Extended Engine EW4,2023-08-27,2026-08-26,291404,End-of-Warranty,Santiago,2023-06-06,SAN-202306-15
3AKKHLDR3J1101,DLR-016,FLT-0013,Western Star 49X,Class 8,2024,DD16,Allison 4000,Extended Engine EW4,2024-08-07,2027-08-07,256555,End-of-Warranty,Portland,2024-05-23,POR-202405-07
3AKKHLDR2J1102,DLR-004,FLT-0037,Freightliner M2 106,Class 6,2022,DD16,Allison 4000,Detroit OE Advantage,2022-03-09,2025-03-08,348918,End-of-Warranty,Mount Holly,2022-01-10,MOU-202201-03
3AKLHLDR2D1103,DLR-007,FLT-0035,Freightliner Cascadia,Class 8,2024,Cummins X12,DT12,Extended Engine EW3,2024-12-07,2026-12-07,31615,New,Santiago,2024-10-24,SAN-202410-19
3AKLHLDR1V1104,DLR-004,FLT-0027,Freightliner Cascadia,Class 8,2021,Cummins X15,Eaton Fuller 18-speed,Extended Engine EW3,2021-04-04,2024-04-03,347303,End-of-Warranty,Santiago,2021-03-01,SAN-202103-18
3AKLGLDR1U1105,DLR-010,FLT-0021,Freightliner 108SD,Class 8,2023,DD15,DT12,Chassis Coverage,2023-10-26,2025-10-25,224092,End-of-Warranty,Santiago,2023-10-08,SAN-202310-18
3AKJGLDR4S1106,DLR-016,FLT-0012,Freightliner 108SD,Class 8,2023,Cummins X12,Allison 4000,Detroit OE Advantage,2023-11-23,2026-11-22,341232,End-of-Warranty,Santiago,2023-10-04,SAN-202310-11
3AKJGLDR5F1107,DLR-017,FLT-0030,Freightliner Cascadia,Class 8,2023,DD16,Eaton Fuller 18-speed,Extended Engine EW3,2023-09-27,2025-09-26,391199,End-of-Warranty,Santiago,2023-08-21,SAN-202308-09
3AKLHLDR1M1108,DLR-020,FLT-0026,Freightliner Cascadia,Class 8,2023,DD13,Eaton Fuller 18-speed,Chassis Coverage,2023-04-22,2026-04-21,135048,Mid-Life,Mount Holly,2023-02-06,MOU-202302-05
3AKKGLDR4U1109,DLR-015,FLT-0018,Freightliner Cascadia,Class 8,2024,Cummins X15,Eaton Fuller 18-speed,Extended Engine EW2,2024-07-14,2029-07-13,66983,Mid-Life,Santiago,2024-06-23,SAN-202406-08
3AKLHLDR5T1110,DLR-017,FLT-0020,Freightliner M2 112,Class 7,2023,Cummins X12,Eaton Fuller 18-speed,Chassis Coverage,2023-06-22,2025-06-21,243539,End-of-Warranty,Cleveland,2023-04-08,CLE-202304-05
3AKJGLDR8O1111,DLR-018,FLT-0031,Western Star 47X,Class 8,2023,DD13,Allison 4000,Extended OPTIMUM,2023-10-16,2028-10-14,63829,Mid-Life,Portland,2023-09-23,POR-202309-12
3AKJHLDR8O1112,DLR-019,FLT-0035,Freightliner Cascadia,Class 8,2024,Cummins X12,Eaton Fuller 18-speed,Base Warranty,2024-05-20,2027-05-20,52679,Mid-Life,Portland,2024-02-22,POR-202402-07
3AKKGLDR8O1113,DLR-005,FLT-0033,Freightliner M2 112,Class 7,2024,DD13,Allison 4000,Extended Engine EW3,2024-07-27,2027-07-27,433056,End-of-Warranty,Mount Holly,2024-05-24,MOU-202405-01
3AKKGLDR8B1114,DLR-003,FLT-0003,Western Star 49X,Class 8,2024,DD15,Allison 4000,Chassis Coverage,2024-04-06,2027-04-06,99362,Mid-Life,Mount Holly,2024-02-16,MOU-202402-02
3AKKGLDR8E1115,DLR-013,FLT-0029,Freightliner M2 106,Class 6,2023,DD15,Allison 4000,Extended Engine EW3,2023-08-25,2026-08-24,282265,End-of-Warranty,Mount Holly,2023-06-04,MOU-202306-06
3AKKHLDR8M1116,DLR-001,FLT-0002,Freightliner 114SD,Class 8,2024,DD15,Allison 4000,Extended Engine EW1,2024-06-05,2026-06-05,149519,Mid-Life,Santiago,2024-04-08,SAN-202404-15
3AKJGLDR1D1117,DLR-014,FLT-0040,Freightliner Cascadia,Class 8,2021,DD13,DT12,Base Warranty,2021-12-31,2026-12-30,373724,End-of-Warranty,Cleveland,2021-10-02,CLE-202110-15
3AKJGLDR8J1118,DLR-015,FLT-0015,Freightliner M2 112,Class 7,2023,DD16,DT12,Extended Engine EW4,2023-06-20,2028-06-18,318481,End-of-Warranty,Portland,2023-04-27,POR-202304-19
3AKKHLDR0R1119,DLR-017,FLT-0015,Freightliner Cascadia,Class 8,2023,DD13,Eaton Fuller 18-speed,Chassis Coverage,2023-12-31,2028-12-29,264848,End-of-Warranty,Mount Holly,2023-10-24,MOU-202310-06
3AKKGLDR4M1120,DLR-017,FLT-0021,Freightliner 108SD,Class 8,2023,DD16,Allison 4000,Extended Engine EW2,2023-06-07,2025-06-06,123145,Mid-Life,Mount Holly,2023-03-25,MOU-202303-18
3AKKGLDR6H1121,DLR-015,FLT-0004,Freightliner 108SD,Class 8,2023,DD16,DT12,Extended OPTIMUM,2023-05-31,2026-05-30,449141,End-of-Warranty,Mount Holly,2023-05-07,MOU-202305-11
3AKKGLDR1G1122,DLR-007,FLT-0004,Western Star 47X,Class 8,2023,DD16,Eaton Fuller 18-speed,Base Warranty,2023-12-04,2026-12-03,114518,Mid-Life,Santiago,2023-10-24,SAN-202310-18
3AKJGLDR6H1123,DLR-007,FLT-0008,Freightliner Cascadia,Class 8,2024,DD16,Eaton Fuller 18-speed,Extended Engine EW4,2024-11-12,2027-11-12,284786,End-of-Warranty,Mount Holly,2024-09-11,MOU-202409-10
3AKJHLDR5G1124,DLR-017,FLT-0032,Freightliner M2 106,Class 6,2023,DD15,DT12,Extended Engine EW4,2023-06-30,2028-06-28,121011,Mid-Life,Mount Holly,2023-06-11,MOU-202306-14
3AKKGLDR3K1125,DLR-019,FLT-0038,Western Star 49X,Class 8,2023,DD16,Eaton Fuller 18-speed,Detroit OE Advantage,2023-05-28,2026-05-27,293695,End-of-Warranty,Mount Holly,2023-04-13,MOU-202304-19
3AKLHLDR2E1126,DLR-016,FLT-0030,Western Star 47X,Class 8,2023,Cummins X12,DT12,Extended Engine EW1,2023-12-08,2028-12-06,35792,New,Portland,2023-09-16,POR-202309-06
3AKJGLDR1W1127,DLR-002,FLT-0001,Freightliner 114SD,Class 8,2024,DD13,Allison 4000,Detroit OE Advantage,2024-05-18,2027-05-18,200664,End-of-Warranty,Mount Holly,2024-03-01,MOU-202403-07
3AKLHLDR0A1128,DLR-016,FLT-0002,Western Star 47X,Class 8,2022,Cummins X12,Allison 4000,Chassis Coverage,2022-12-15,2025-12-14,13987,New,Cleveland,2022-09-24,CLE-202209-09
3AKLGLDR3G1129,DLR-006,FLT-0007,Freightliner 108SD,Class 8,2023,Cummins X15,DT12,Extended Next,2023-12-15,2026-12-14,421775,End-of-Warranty,Cleveland,2023-10-17,CLE-202310-09
3AKLGLDR4V1130,DLR-015,FLT-0037,Freightliner M2 112,Class 7,2023,Cummins X15,Allison 4000,Detroit OE Advantage,2023-03-18,2026-03-17,203843,End-of-Warranty,Portland,2023-02-21,POR-202302-02
3AKKHLDR5S1131,DLR-001,FLT-0011,Freightliner Cascadia,Class 8,2021,Cummins X12,Eaton Fuller 18-speed,Extended Engine EW4,2021-04-01,2023-04-01,367958,End-of-Warranty,Cleveland,2021-02-17,CLE-202102-02
3AKJHLDR0G1132,DLR-003,FLT-0018,Freightliner Cascadia,Class 8,2021,Cummins X12,DT12,Chassis Coverage,2021-10-28,2024-10-27,90170,Mid-Life,Cleveland,2021-10-05,CLE-202110-13
3AKLGLDR1Q1133,DLR-018,FLT-0022,Western Star 47X,Class 8,2022,DD13,Eaton Fuller 18-speed,Chassis Coverage,2022-08-10,2024-08-09,444707,End-of-Warranty,Mount Holly,2022-06-02,MOU-202206-04
3AKKHLDR3L1134,DLR-011,FLT-0002,Freightliner 108SD,Class 8,2023,Cummins X15,DT12,Extended Engine EW4,2023-10-20,2028-10-18,312167,End-of-Warranty,Santiago,2023-09-13,SAN-202309-14
3AKKGLDR6W1135,DLR-008,FLT-0005,Freightliner 108SD,Class 8,2023,DD13,DT12,Extended Engine EW4,2023-05-17,2026-05-16,60863,Mid-Life,Cleveland,2023-03-24,CLE-202303-13
3AKJGLDR2N1136,DLR-012,FLT-0018,Freightliner M2 112,Class 7,2024,DD13,DT12,Extended Next,2024-11-05,2027-11-05,59155,Mid-Life,Cleveland,2024-08-18,CLE-202408-18
3AKKGLDR4N1137,DLR-003,FLT-0039,Western Star 49X,Class 8,2023,Cummins X12,DT12,Chassis Coverage,2023-10-18,2025-10-17,304871,End-of-Warranty,Santiago,2023-07-25,SAN-202307-03
3AKKHLDR2C1138,DLR-005,FLT-0018,Freightliner Cascadia,Class 8,2023,DD13,Eaton Fuller 18-speed,Extended Engine EW4,2023-05-20,2026-05-19,258876,End-of-Warranty,Santiago,2023-03-14,SAN-202303-09
3AKKGLDR2J1139,DLR-016,FLT-0039,Freightliner Cascadia,Class 8,2024,DD16,Eaton Fuller 18-speed,Extended Engine EW2,2024-03-15,2027-03-15,235803,End-of-Warranty,Portland,2024-01-13,POR-202401-11
3AKKHLDR2M1140,DLR-011,FLT-0039,Freightliner M2 106,Class 6,2022,Cummins X15,Eaton Fuller 18-speed,Chassis Coverage,2022-09-05,2024-09-04,175858,Mid-Life,Portland,2022-06-10,POR-202206-16
3AKLGLDR8A1141,DLR-004,FLT-0037,Freightliner M2 106,Class 6,2023,DD13,Eaton Fuller 18-speed,Detroit OE Advantage,2023-11-01,2026-10-31,440831,End-of-Warranty,Portland,2023-08-23,POR-202308-07
3AKLGLDR6Z1142,DLR-010,FLT-0016,Freightliner Cascadia,Class 8,2023,Cummins X15,Allison 4000,Extended OPTIMUM,2023-10-01,2026-09-30,310263,End-of-Warranty,Santiago,2023-07-03,SAN-202307-15
3AKKGLDR1Y1143,DLR-014,FLT-0035,Freightliner 114SD,Class 8,2024,DD13,Allison 4000,Chassis Coverage,2024-05-27,2029-05-26,326219,End-of-Warranty,Cleveland,2024-04-22,CLE-202404-12
3AKJGLDR4H1144,DLR-011,FLT-0028,Freightliner 108SD,Class 8,2023,Cummins X12,DT12,Detroit OE Advantage,2023-12-18,2028-12-16,365534,End-of-Warranty,Cleveland,2023-09-24,CLE-202309-17
3AKKGLDR7D1145,DLR-013,FLT-0030,Freightliner M2 106,Class 6,2023,DD16,Eaton Fuller 18-speed,Extended Next,2023-06-11,2028-06-09,79278,Mid-Life,Portland,2023-05-14,POR-202305-03
3AKKHLDR1O1146,DLR-007,FLT-0034,Freightliner M2 112,Class 7,2024,DD13,DT12,Extended Next,2024-10-02,2026-10-02,429770,End-of-Warranty,Mount Holly,2024-08-11,MOU-202408-03
3AKLGLDR8F1147,DLR-004,FLT-0011,Western Star 47X,Class 8,2022,Cummins X15,Allison 4000,Extended Engine EW2,2022-08-30,2024-08-29,423253,End-of-Warranty,Portland,2022-06-18,POR-202206-14
3AKLGLDR7S1148,DLR-014,FLT-0026,Freightliner Cascadia,Class 8,2023,DD13,Allison 4000,Extended Engine EW1,2023-08-23,2025-08-22,150932,Mid-Life,Cleveland,2023-07-13,CLE-202307-01
3AKKGLDR7D1149,DLR-018,FLT-0012,Freightliner 108SD,Class 8,2023,Cummins X12,Eaton Fuller 18-speed,Chassis Coverage,2023-08-11,2028-08-09,169314,Mid-Life,Santiago,2023-05-22,SAN-202305-16
3AKKGLDR4T1150,DLR-004,FLT-0023,Western Star 49X,Class 8,2024,DD16,DT12,Extended Engine EW2,2024-11-26,2026-11-26,130080,Mid-Life,Santiago,2024-10-03,SAN-202410-05
3AKKGLDR9M1151,DLR-005,FLT-0033,Freightliner M2 106,Class 6,2023,DD15,Allison 4000,Extended Engine EW2,2023-09-26,2028-09-24,343302,End-of-Warranty,Mount Holly,2023-07-06,MOU-202307-16
3AKKHLDR9B1152,DLR-010,FLT-0009,Freightliner M2 112,Class 7,2024,Cummins X15,Allison 4000,Extended OPTIMUM,2024-07-02,2026-07-02,432407,End-of-Warranty,Portland,2024-06-01,POR-202406-16
3AKKHLDR7F1153,DLR-016,FLT-0027,Western Star 47X,Class 8,2022,DD16,DT12,Extended OPTIMUM,2022-04-02,2025-04-01,22141,New,Mount Holly,2022-02-19,MOU-202202-01
3AKLGLDR9D1154,DLR-006,FLT-0030,Freightliner M2 106,Class 6,2022,DD13,Allison 4000,Detroit OE Advantage,2022-07-24,2027-07-23,436285,End-of-Warranty,Mount Holly,2022-05-25,MOU-202205-18
3AKLGLDR4B1155,DLR-007,FLT-0028,Western Star 49X,Class 8,2023,DD15,DT12,Extended Next,2023-09-03,2026-09-02,66544,Mid-Life,Cleveland,2023-08-09,CLE-202308-12
3AKLGLDR3G1156,DLR-020,FLT-0028,Freightliner 114SD,Class 8,2024,Cummins X12,DT12,Extended Next,2024-04-10,2027-04-10,317925,End-of-Warranty,Portland,2024-01-19,POR-202401-12
3AKLGLDR2Y1157,DLR-010,FLT-0019,Western Star 47X,Class 8,2023,DD15,DT12,Extended Next,2023-08-01,2028-07-30,74568,Mid-Life,Santiago,2023-07-02,SAN-202307-09
3AKJHLDR6M1158,DLR-008,FLT-0026,Freightliner 114SD,Class 8,2024,DD16,Allison 4000,Extended Next,2024-10-07,2029-10-06,398112,End-of-Warranty,Mount Holly,2024-08-03,MOU-202408-03
3AKLGLDR7U1159,DLR-016,FLT-0021,Freightliner M2 112,Class 7,2024,Cummins X15,DT12,Detroit OE Advantage,2024-09-18,2027-09-18,119205,Mid-Life,Cleveland,2024-06-28,CLE-202406-03
3AKLGLDR9P1160,DLR-011,FLT-0019,Freightliner M2 106,Class 6,2022,Cummins X15,DT12,Extended Engine EW1,2022-07-11,2024-07-10,333298,End-of-Warranty,Santiago,2022-06-22,SAN-202206-02
3AKJHLDR3W1161,DLR-006,FLT-0029,Freightliner 114SD,Class 8,2024,DD16,Eaton Fuller 18-speed,Extended Engine EW1,2024-04-24,2027-04-24,53937,Mid-Life,Mount Holly,2024-03-21,MOU-202403-10
3AKLHLDR3N1162,DLR-006,FLT-0004,Freightliner M2 106,Class 6,2023,DD13,DT12,Extended Engine EW3,2023-03-09,2025-03-08,254984,End-of-Warranty,Mount Holly,2023-02-23,MOU-202302-04
3AKLHLDR1N1163,DLR-015,FLT-0001,Western Star 49X,Class 8,2023,DD13,DT12,Extended Next,2023-04-28,2026-04-27,51835,Mid-Life,Cleveland,2023-03-16,CLE-202303-03
3AKJGLDR1Q1164,DLR-010,FLT-0009,Freightliner M2 106,Class 6,2023,DD15,Allison 4000,Extended Engine EW2,2023-11-05,2026-11-04,189123,Mid-Life,Mount Holly,2023-10-01,MOU-202310-20
3AKJGLDR2Y1165,DLR-020,FLT-0029,Freightliner M2 112,Class 7,2023,DD15,DT12,Extended Engine EW4,2023-04-18,2026-04-17,169890,Mid-Life,Portland,2023-02-19,POR-202302-13
3AKLGLDR4G1166,DLR-003,FLT-0016,Western Star 47X,Class 8,2022,DD16,Allison 4000,Base Warranty,2022-10-28,2027-10-27,210390,End-of-Warranty,Santiago,2022-09-20,SAN-202209-17
3AKJGLDR7U1167,DLR-008,FLT-0032,Freightliner 108SD,Class 8,2023,DD15,Eaton Fuller 18-speed,Chassis Coverage,2023-10-18,2026-10-17,170922,Mid-Life,Mount Holly,2023-10-03,MOU-202310-17
3AKJGLDR9C1168,DLR-018,FLT-0012,Freightliner M2 106,Class 6,2023,Cummins X15,Allison 4000,Extended Engine EW4,2023-01-28,2025-01-27,418815,End-of-Warranty,Mount Holly,2023-01-09,MOU-202301-07
3AKLHLDR1U1169,DLR-017,FLT-0027,Western Star 47X,Class 8,2022,DD16,DT12,Extended OPTIMUM,2022-10-21,2025-10-20,48828,New,Mount Holly,2022-09-18,MOU-202209-20
3AKKGLDR4W1170,DLR-005,FLT-0035,Freightliner Cascadia,Class 8,2024,Cummins X15,DT12,Detroit OE Advantage,2024-08-14,2026-08-14,50200,Mid-Life,Santiago,2024-07-24,SAN-202407-08
3AKLGLDR1A1171,DLR-020,FLT-0004,Western Star 49X,Class 8,2024,Cummins X12,Allison 4000,Extended Engine EW4,2024-04-26,2027-04-26,186773,Mid-Life,Santiago,2024-03-23,SAN-202403-01
3AKLGLDR0K1172,DLR-012,FLT-0009,Freightliner Cascadia,Class 8,2023,Cummins X12,Allison 4000,Extended Engine EW1,2023-07-31,2026-07-30,378462,End-of-Warranty,Santiago,2023-07-09,SAN-202307-17
3AKJHLDR9F1173,DLR-015,FLT-0033,Freightliner M2 112,Class 7,2024,DD13,DT12,Extended OPTIMUM,2024-07-03,2029-07-02,358433,End-of-Warranty,Santiago,2024-06-06,SAN-202406-09
3AKJHLDR5M1174,DLR-002,FLT-0001,Freightliner Cascadia,Class 8,2021,Cummins X15,DT12,Extended Next,2021-05-29,2026-05-28,393322,End-of-Warranty,Portland,2021-03-06,POR-202103-02
3AKJHLDR1Q1175,DLR-014,FLT-0021,Freightliner Cascadia,Class 8,2024,DD13,Eaton Fuller 18-speed,Extended Engine EW4,2024-03-26,2026-03-26,215200,End-of-Warranty,Santiago,2024-01-06,SAN-202401-08
3AKLHLDR0L1176,DLR-010,FLT-0021,Freightliner 108SD,Class 8,2023,DD15,Eaton Fuller 18-speed,Extended Next,2023-06-01,2028-05-30,331483,End-of-Warranty,Cleveland,2023-04-10,CLE-202304-19
3AKJGLDR6A1177,DLR-016,FLT-0013,Western Star 49X,Class 8,2024,Cummins X15,Allison 4000,Extended Engine EW4,2024-05-03,2027-05-03,5766,New,Portland,2024-04-18,POR-202404-12
3AKKHLDR0E1178,DLR-007,FLT-0034,Freightliner Cascadia,Class 8,2022,DD16,Eaton Fuller 18-speed,Extended Engine EW1,2022-06-15,2027-06-14,221560,End-of-Warranty,Portland,2022-05-03,POR-202205-02
3AKLHLDR1S1179,DLR-004,FLT-0033,Western Star 49X,Class 8,2024,DD16,Eaton Fuller 18-speed,Chassis Coverage,2024-11-01,2026-11-01,157922,Mid-Life,Portland,2024-10-02,POR-202410-14
3AKKGLDR1G1180,DLR-011,FLT-0021,Western Star 47X,Class 8,2023,DD15,Eaton Fuller 18-speed,Detroit OE Advantage,2023-04-21,2025-04-20,60395,Mid-Life,Mount Holly,2023-03-25,MOU-202303-19
3AKJHLDR4O1181,DLR-014,FLT-0008,Freightliner M2 106,Class 6,2023,DD16,Allison 4000,Base Warranty,2023-06-22,2025-06-21,428413,End-of-Warranty,Santiago,2023-05-28,SAN-202305-04
3AKLGLDR5M1182,DLR-011,FLT-0010,Freightliner Cascadia,Class 8,2024,Cummins X15,Eaton Fuller 18-speed,Extended OPTIMUM,2024-10-19,2026-10-19,21295,New,Cleveland,2024-09-02,CLE-202409-10
3AKKGLDR2D1183,DLR-018,FLT-0016,Western Star 47X,Class 8,2023,Cummins X15,Eaton Fuller 18-speed,Extended Engine EW1,2023-02-01,2025-01-31,436842,End-of-Warranty,Cleveland,2023-01-02,CLE-202301-08
3AKJGLDR3U1184,DLR-019,FLT-0017,Western Star 49X,Class 8,2024,DD13,Eaton Fuller 18-speed,Base Warranty,2024-09-20,2027-09-20,69239,Mid-Life,Cleveland,2024-08-26,CLE-202408-05
3AKKGLDR6V1185,DLR-019,FLT-0028,Freightliner Cascadia,Class 8,2023,DD16,Eaton Fuller 18-speed,Extended Engine EW2,2023-08-16,2025-08-15,149169,Mid-Life,Mount Holly,2023-07-06,MOU-202307-12
3AKLHLDR7N1186,DLR-020,FLT-0040,Freightliner Cascadia,Class 8,2021,DD15,Eaton Fuller 18-speed,Extended Engine EW3,2021-10-11,2024-10-10,205810,End-of-Warranty,Portland,2021-09-16,POR-202109-02
3AKKHLDR7R1187,DLR-017,FLT-0016,Western Star 47X,Class 8,2022,DD16,DT12,Base Warranty,2022-10-29,2025-10-28,208623,End-of-Warranty,Cleveland,2022-08-12,CLE-202208-19
3AKKGLDR7Q1188,DLR-020,FLT-0015,Freightliner M2 106,Class 6,2023,DD15,Allison 4000,Extended Engine EW3,2023-08-07,2025-08-06,57499,Mid-Life,Cleveland,2023-06-25,CLE-202306-19
3AKLHLDR5F1189,DLR-018,FLT-0004,Freightliner M2 106,Class 6,2022,DD16,Allison 4000,Base Warranty,2022-05-01,2027-04-30,370757,End-of-Warranty,Portland,2022-03-08,POR-202203-19
3AKLGLDR7R1190,DLR-012,FLT-0037,Western Star 47X,Class 8,2023,DD15,Allison 4000,Extended Engine EW3,2023-05-24,2025-05-23,34448,New,Portland,2023-05-06,POR-202305-16
3AKKGLDR2K1191,DLR-017,FLT-0031,Freightliner Cascadia,Class 8,2021,Cummins X12,Allison 4000,Extended Engine EW2,2021-04-16,2023-04-16,82443,Mid-Life,Cleveland,2021-03-26,CLE-202103-11
3AKJHLDR6S1192,DLR-004,FLT-0034,Freightliner 108SD,Class 8,2023,Cummins X15,Allison 4000,Detroit OE Advantage,2023-04-07,2025-04-06,87577,Mid-Life,Santiago,2023-02-11,SAN-202302-10
3AKJGLDR6J1193,DLR-011,FLT-0012,Western Star 47X,Class 8,2022,Cummins X15,Allison 4000,Base Warranty,2022-05-19,2027-05-18,305330,End-of-Warranty,Santiago,2022-05-05,SAN-202205-06
3AKLGLDR7E1194,DLR-020,FLT-0021,Freightliner Cascadia,Class 8,2023,DD15,Allison 4000,Extended Engine EW1,2023-08-07,2026-08-06,172519,Mid-Life,Portland,2023-06-24,POR-202306-03
3AKKGLDR3W1195,DLR-011,FLT-0029,Freightliner 114SD,Class 8,2024,DD13,Eaton Fuller 18-speed,Detroit OE Advantage,2024-03-10,2029-03-09,5671,New,Cleveland,2024-02-12,CLE-202402-09
3AKKHLDR5R1196,DLR-014,FLT-0011,Western Star 47X,Class 8,2023,DD15,DT12,Detroit OE Advantage,2023-09-29,2028-09-27,402537,End-of-Warranty,Mount Holly,2023-07-04,MOU-202307-16
3AKKHLDR1C1197,DLR-002,FLT-0019,Freightliner Cascadia,Class 8,2022,Cummins X12,DT12,Extended Next,2022-07-10,2027-07-09,44322,New,Cleveland,2022-06-06,CLE-202206-13
3AKKGLDR9N1198,DLR-020,FLT-0031,Western Star 49X,Class 8,2024,Cummins X15,Allison 4000,Extended OPTIMUM,2024-04-27,2026-04-27,104606,Mid-Life,Cleveland,2024-03-02,CLE-202403-04
3AKKGLDR1B1199,DLR-018,FLT-0017,Western Star 47X,Class 8,2023,DD16,DT12,Chassis Coverage,2023-10-03,2025-10-02,33576,New,Santiago,2023-07-19,SAN-202307-18
